{
  "minimal": {
    "mean": 8.113062678603455,
    "median": 6.681497325189412,
    "stdev": 113.71330068001221,
    "min": 5.969995982013643,
    "max": 11376.474998542108,
    "p50": 6.681497325189412,
    "p90": 7.870999979786575,
    "p95": 8.422947576036677,
    "p99": 10.081963409902528,
    "throughput": 123258.01483542037
  },
  "simple_callback": {
    "mean": 13.50256525183795,
    "median": 11.909498425666243,
    "stdev": 132.52678610507135,
    "min": 10.885996744036674,
    "max": 13264.074004837312,
    "p50": 11.909498425666243,
    "p90": 13.116994523443282,
    "p95": 13.604792911792174,
    "p99": 15.642843209207058,
    "throughput": 74060.00129226418
  },
  "multi_callback": {
    "mean": 13.38197330624098,
    "median": 11.852003808598965,
    "stdev": 131.2203731559217,
    "min": 10.974006727337837,
    "max": 13133.257001754828,
    "p50": 11.852003808598965,
    "p90": 12.914009857922792,
    "p95": 13.215791113907471,
    "p99": 14.889010199112818,
    "throughput": 74727.39461628039
  },
  "conditional": {
    "mean": 13.37713314424036,
    "median": 11.608994100242853,
    "stdev": 147.31822568187988,
    "min": 10.835996363312006,
    "max": 14743.095001904294,
    "p50": 11.608994100242853,
    "p90": 12.8600062453188,
    "p95": 13.227947056293488,
    "p99": 14.829012652626261,
    "throughput": 74754.43274858623
  },
  "around": {
    "mean": 15.28743745147949,
    "median": 12.224998499732465,
    "stdev": 196.7972205567014,
    "min": 11.32799661718309,
    "max": 14671.400000224821,
    "p50": 12.224998499732465,
    "p90": 13.499900524038821,
    "p95": 14.057943917578086,
    "p99": 16.11595886060968,
    "throughput": 65413.18668834336
  },
  "complex": {
    "mean": 14.178446418372914,
    "median": 12.420496204867959,
    "stdev": 147.1359943222118,
    "min": 11.395997717045248,
    "max": 14725.47699813731,
    "p50": 12.420496204867959,
    "p90": 13.632990885525942,
    "p95": 14.183999155648053,
    "p99": 16.31299252039753,
    "throughput": 70529.58910252438
  },
  "error": {
    "mean": 15.686800313415006,
    "median": 13.782002497464418,
    "stdev": 160.48714365862762,
    "min": 12.685006367973983,
    "max": 16061.522997915745,
    "p50": 13.782002497464418,
    "p90": 15.106998034752905,
    "p95": 15.554003766737878,
    "p99": 17.27200287859887,
    "throughput": 63747.86317288823
  }
}